Date,Close,High,Low,Open,Volume
4/3/20,32.00066757,34.36600113,31.22599983,33.96666718,338431500
4/6/20,34.41600037,34.73333359,33.19733429,34.08000183,223527000
4/7/20,36.36333466,37.66666794,35.48933411,36.33333206,268797000
4/8/20,36.58933258,37.14733124,35.55533218,36.94666672,189840000
4/9/20,38.20000076,38.3453331,37.14066696,37.47266769,204750000
4/13/20,43.39666748,43.46666718,38.70199966,39.34400177,337131000
4/14/20,47.32600021,49.45866776,46.16199875,46.59799957,458647500
4/15/20,48.65533447,50.20866776,47.33333206,49.46666718,353655000
4/16/20,49.68066788,50.63000107,47.11466599,47.79600143,309868500
4/17/20,50.25933456,51.66333389,49.84400177,51.48533249,196923000
4/20/20,49.75733185,51.0379982,47.48066711,48.84666824,221199000
4/21/20,45.78133392,50.22200012,44.91933441,48.67466736,303136500
4/22/20,48.8073349,48.93333435,45.91400146,46.93199921,212482500
4/23/20,47.04199982,48.93333435,46.87533188,48.50666809,198550500
4/24/20,48.3433342,48.71533203,46.54533386,47.38733292,198180000
4/27/20,53.25,53.29933167,49,49.17399979,310221000
4/28/20,51.27466583,53.66666794,50.44599915,53.04266739,228330000
4/29/20,53.36733246,53.54666519,52.21066666,52.6780014,243240000
4/30/20,52.12533188,57.98799896,50.90000153,57.01266861,427078500
5/1/20,46.75466537,51.51800156,45.5359993,50.33333206,487977000
5/4/20,50.74599838,50.79999924,46.53333282,46.73333359,288556500
5/5/20,51.2140007,53.26133347,50.81200027,52.652668,254875500
5/6/20,52.17200089,52.65333176,50.74066544,51.76666641,166848000
5/7/20,52.00266647,53.0933342,51.49000168,51.81399918,172915500
5/8/20,54.62799835,54.93333435,52.46733475,52.91799927,241297500
5/11/20,54.08599854,54.93333435,52.33333206,52.70066833,247794000
5/12/20,53.96066666,56.21933365,53.8666687,55.1333313,238603500
5/13/20,52.73066711,55.06666565,50.88666534,54.72200012,285982500
5/14/20,53.55533218,53.5573349,50.93333435,52,205233000
5/15/20,53.27799988,53.66999817,52.4366684,52.68999863,157776000
5/18/20,54.24200058,55.64799881,53.59199905,55.18533325,174987000
5/19/20,53.86733246,54.80466843,53.73866653,54.34466553,144547500
5/20/20,54.3706665,55.06666565,54.11999893,54.70000076,109639500
5/21/20,55.17333221,55.5,53.06666565,54.40000153,183819000
5/22/20,54.45866776,55.45199966,54.1333313,54.8113327,149812500
5/26/20,54.59133148,55.63999939,54.38066864,55.6333313,121345500
5/27/20,54.68199921,55.18066788,52.33333206,54.72399902,173242500
5/28/20,53.72066879,54.98333359,53.44599915,54.23400116,108834000
5/29/20,55.66666794,55.66666794,53.61399841,53.91666794,176467500
6/1/20,59.87333298,59.93333435,56.93999863,57.20000076,224092500
6/2/20,58.77066803,60.57733154,58.06666565,59.64666748,203484000
6/3/20,58.86399841,59.86266708,58.67333221,59.20800018,119242500
6/4/20,57.62533188,59.71666718,57.22933197,59.32533264,133315500
6/5/20,59.04399872,59.10133362,57.74666595,58.52266693,117178500
6/8/20,63.32799911,63.33333206,60.61066818,61.26666641,212620500
6/9/20,62.71133423,63.6293335,61.5953331,62.6673317,170823000
6/10/20,68.33666992,68.49866486,65.5,66.12533569,278451000
6/11/20,64.85600281,67.93066406,64.80000305,66.01333618,238747500
6/12/20,62.35200119,65.86533356,60.84000015,65.33333588,251451000
6/15/20,66.05999756,66.58933258,60.56666565,61.18600082,235458000
6/16/20,65.47533417,67.52532959,64.15933228,67.45666504,210766500
6/17/20,66.11933136,67,65.50466919,65.84733582,148362000
6/18/20,66.93066406,67.94667053,66.29799652,66.8666687,146278500
6/19/20,66.72666931,67.73133087,66.08933258,67.51866913,130195500
6/22/20,66.28800201,67.25866699,66.00133514,66.66333008,95436000
6/23/20,66.78533173,67.46666718,66.26733398,66.59200287,95479500
6/24/20,64.05666351,66.72533417,63.54266739,66.27400208,164394000
6/25/20,65.73200226,65.73200226,62.4766655,63.61800003,138817500
6/26/20,63.98266602,66.33333588,63.65800095,66.31866455,132823500
6/29/20,67.29000092,67.33333588,63.23466873,64.60066986,135396000
6/30/20,71.98733521,72.51266479,66.91533661,67.09999847,253777500
7/1/20,74.64199829,75.6886673,72.03333282,72.19999695,199903500
7/2/20,80.57733154,81.8666687,79.04000092,81.43199921,258751500
7/6/20,91.4386673,91.85266876,84.40266418,85.11266327,308548500
7/7/20,92.65733337,95.30000305,89.11399841,93.66733551,322345500
7/8/20,91.05867004,94.48400116,87.42266846,93.66666412,244669500
7/9/20,92.95200348,93.90399933,90.08533478,93.13266754,175764000
7/10/20,102.9766693,103.2613297,91.73400116,93.06666565,350064000
7/13/20,99.80400085,119.6660004,98.0739975,110.5999985,584781000
7/14/20,101.1200027,106,95.40000153,103.7333298,351271500
7/15/20,103.0673294,103.3333359,97.1333313,102.8666687,245517000
7/16/20,100.0426636,102.1139984,97.73332977,98.47733307,214512000
7/17/20,100.0559998,102.5006638,99.33333588,100.8966675,139950000
7/20/20,109.5333328,110,99.19999695,101.267334,256821000
7/21/20,104.5573349,111.6666641,103.8666687,109.3286667,241608000
7/22/20,106.1553345,108.4280014,104.1333313,106.5999985,212416500
7/23/20,100.8713303,112.5999985,98.71800232,111.9300003,364927500
7/24/20,94.46666718,97.66666412,91.10266876,94.40066528,290949000
7/27/20,102.6399994,103.1959991,94.19999695,95.66666412,240730500
7/28/20,98.43267059,104.3133316,98.2946701,100.2666702,237130500
7/29/20,99.9406662,102.3206635,99.1333313,100.0666656,141403500
7/30/20,99.16600037,100.8826675,98.06666565,99.19999695,114315000
7/31/20,95.38400269,101.1366653,94.73200226,101,183123000
8/3/20,99,100.6539993,96.29199982,96.61333466,132139500
8/4/20,99.1333313,101.8273315,97.46666718,99.66733551,126225000
8/5/20,99.00133514,99.98933411,97.88733673,99.53266907,74217000
8/6/20,99.305336,101.1539993,98.48400116,99.38866425,89884500
8/7/20,96.84733582,99.98332977,94.33399963,99.96932983,133446000
8/10/20,94.57133484,97.16666412,92.38933563,96.53333282,112834500
8/11/20,91.62599945,94.66666412,91,93.06666565,129387000
8/12/20,103.6506653,105.6666641,95.66666412,98,327441000
8/13/20,108.0666656,110.0786667,104.4840012,107.4000015,306379500
8/14/20,110.0473328,111.253334,108.4426651,110.9993362,188664000
8/17/20,122.3759995,123.0573349,111.5220032,111.8000031,303634500
8/18/20,125.8059998,128.2599945,123.0073318,126.5993347,247117500
8/19/20,125.2353363,127.4000015,122.7473297,124.3333359,183079500
8/20/20,133.4553375,134.7993317,123.8040009,124.0453339,309177000
8/21/20,136.665329,139.6993256,135.0033264,136.317337,322344000
8/24/20,134.2799988,141.9333344,128.5013275,141.7519989,300954000
8/25/20,134.889328,135.1966705,131.1999969,131.6593323,159883500
8/26/20,143.5446625,144.3999939,136.9086609,137.3333282,213591000
8/27/20,149.25,153.0399933,142.8333282,145.3639984,355395000
8/28/20,147.5599976,154.5659943,145.7680054,153.0079956,301218000
8/31/20,166.1066742,166.7133331,146.7033386,148.2033386,355123200
9/1/20,158.3500061,167.4966736,156.8366699,167.3800049,269523300
9/2/20,149.1233368,159.6799927,135.0399933,159.6633301,288528300
9/3/20,135.6666718,143.9333344,134,135.7433319,262788300
9/4/20,139.4400024,142.6666718,124.0066681,134.2700043,330965700
9/8/20,110.0699997,122.9133301,109.9599991,118.6666641,346397100
9/9/20,122.0933304,123,113.8366699,118.8666687,238397400
9/10/20,123.7799988,132.9966736,120.1866684,128.7366638,254791800
9/11/20,124.2399979,127.5,120.1666641,127.3133316,182152500
9/14/20,139.8733368,140,124.4333344,126.9833298,249061800
9/15/20,149.9199982,153.9799957,143.5666656,145.5200043,291894600
9/16/20,147.2533264,152.5966644,145.1033325,146.6233368,216837900
9/17/20,141.1433258,145.9299927,136,138.5333405,230337600
9/18/20,147.3833313,150.3333282,142.9333344,149.3133392,259220400
9/21/20,149.7966614,151.8933258,135.6900024,151.043335,328430400
9/22/20,141.4100037,145.9199982,139.1999969,143.1999969,238742400
9/23/20,126.7866669,137.3833313,125.293335,135.0533295,285222600
9/24/20,129.2633362,133.1666718,117.0999985,121.2666702,289683300
9/25/20,135.7799988,136.2433319,130.4333344,131.156662,201625500
9/28/20,140.3999939,142.6933289,138.5166626,141.5399933,149158800
9/29/20,139.6900024,142.8333282,137.1999969,138.6666718,150657900
9/30/20,143.0033264,144.6433258,140.156662,140.4400024,144436800
10/1/20,149.386673,149.6266632,144.8066711,146.9199982,152224500
10/2/20,138.363327,146.3766632,138.3333282,140.4633331,214290000
10/5/20,141.8933258,144.5466614,139.7766724,141.1166687,134168400
10/6/20,137.9933319,142.9266663,135.3500061,141.2633362,147438900
10/7/20,141.7666626,143.3000031,137.9499969,139.956665,129383100
10/8/20,141.9733276,146.3333282,141.7666626,146.1466675,121263300
10/9/20,144.6666718,144.863327,142.1533356,143.3766632,86777100
10/12/20,147.4333344,149.5800018,146.1933289,147.3333282,116373300
10/13/20,148.8833313,149.6300049,145.5333405,147.7833405,103391100
10/14/20,153.7666626,155.3000031,149.1166687,149.9266663,143639100
10/15/20,149.6266632,152.1900024,147.5,150.1033325,107017200
10/16/20,146.5566711,151.9833374,146.2833405,151.4799957,98327700
10/19/20,143.6100006,149,142.956665,148.7466736,108863400
10/20/20,140.6466675,143.9166718,139.6833344,143.9166718,94968900
10/21/20,140.8800049,144.3166656,140.4166718,140.8999939,97111500
10/22/20,141.9299927,148.4100037,141.5033264,147.3066711,119979600
10/23/20,140.2100067,140.9633331,135.793335,140.613327,101151000
10/26/20,140.093338,141.9199982,136.6666718,137.2100067,84717600
10/27/20,141.5599976,143.5,140.0333405,141.2533264,68059500
10/28/20,135.3399963,139.5333405,135.3333282,138.8266602,76354200
10/29/20,136.9433289,139.3533325,135.4866638,136.6533356,67965900
10/30/20,129.3466644,135.863327,126.3700027,135.6333313,127533900
11/2/20,133.5033264,135.6600037,130.7666626,131.3333282,87063300
11/3/20,141.3000031,142.5899963,135.5633392,136.5766602,103055100
11/4/20,140.3266602,145.1333313,139.0333405,143.5399933,96429300
11/5/20,146.0299988,146.6666718,141.3333282,142.7666626,85243500
11/6/20,143.3166656,145.5233307,141.4266663,145.3666687,65118000
11/9/20,140.4199982,150.8333282,140.3333282,146.5,104499000
11/10/20,136.7866669,140.0299988,132.0099945,140.0299988,90852600
11/11/20,139.043335,139.5666656,136.8600006,138.8166656,52073100
11/12/20,137.2533264,141,136.5066681,138.3500061,59565300
11/13/20,136.1666718,137.5099945,133.886673,136.9499969,59313300
11/16/20,136.0299988,137.4833374,134.6966705,136.3099976,80515800
11/17/20,147.2033386,154,144.3366699,153.3899994,183564900
11/18/20,162.2133331,165.3333282,147.8333282,149.4499969,234132000
11/19/20,166.4233398,169.5366669,162.5233307,164,187425900
11/20/20,163.2033386,167.5,163.0200043,165.9966736,98735700
11/23/20,173.9499969,175.3333282,167.2633362,167.8333282,150780900
11/24/20,185.1266632,186.6633301,175.3999939,180.1333313,160945500
11/25/20,191.3333282,191.3333282,181.7899933,183.3533325,146790600
11/27/20,195.2533264,199.593338,192.8166656,193.7200012,112683300
11/30/20,189.1999969,202.6000061,184.8366699,200.7366638,189009300
12/1/20,194.9199982,199.2833405,190.6833344,199.1966705,120310500
12/2/20,189.6066742,190.5133362,180.4033356,185.4799957,143327100
12/3/20,197.793335,199.656662,194.1433258,196.6733398,127656000
12/4/20,199.6799927,199.6799927,195.1666718,197.0033264,88203900
12/7/20,213.9199982,216.2633362,201.0166626,201.6399994,168929100
12/8/20,216.6266632,217.093338,206.1666718,208.5033264,192795000
12/9/20,201.4933319,218.1066742,196,217.8966675,213873600
12/10/20,209.0233307,209.25,188.7799988,191.456665,201249600
12/11/20,203.3300018,208,198.9333344,205.0033264,139425000
12/14/20,213.2766724,214.25,203.3999939,206.3333282,156121800
12/15/20,211.0833282,215.6333313,207.9333344,214.4266663,135214500
12/16/20,207.5899963,210.8333282,201.6666718,209.4100037,126287400
12/17/20,218.6333313,219.6066742,206.5,209.3966675,168810300
12/18/20,231.6666718,231.6666718,209.5133362,222.9666595,666378600
12/21/20,216.6199951,222.8333282,215.3566742,222.0800018,174135900
12/22/20,213.4466705,216.6266632,204.7433319,216,155148000
12/23/20,215.3266602,217.1666718,207.5233307,210.7333374,99519000
12/24/20,220.5899963,222.0299988,213.6666718,214.3300018,68596800
12/28/20,221.2299957,227.1333313,220.2666626,224.8366699,96835800
12/29/20,221.9966736,223.3000031,218.3333282,220.3333282,68732400
12/30/20,231.593338,232.1999969,222.7866669,224,128538000
12/31/20,235.2233276,239.5733337,230.3733368,233.3300018,148949700
1/4/21,243.2566681,248.1633301,239.0633392,239.8200073,145914600
1/5/21,245.0366669,246.9466705,239.7333374,241.2200012,96735600
1/6/21,251.9933319,258,249.6999969,252.8300018,134100000
1/7/21,272.0133362,272.3299866,258.3999939,259.2099915,154496700
1/8/21,293.3399963,294.8299866,279.4633179,285.3333435,225166500
1/11/21,270.3966675,284.8099976,267.8733215,283.1333313,177904800
1/12/21,283.1466675,289.3333435,275.7799988,277,138812100
1/13/21,284.8033447,286.8233337,277.3333435,284.2533264,99937500
1/14/21,281.6666565,287.6666565,279.5833435,281.1300049,93798900
1/15/21,275.3866577,286.6333313,273.0333252,284,116332800
1/19/21,281.5166626,283.3333435,277.6666565,279.2666626,76101000
1/20/21,283.4833374,286.5,279.0933228,286.2466736,76997700
1/21/21,281.6633301,285.2399902,280.4733276,285,61563300
1/22/21,282.2133179,282.6666565,276.206665,278.1033325,60199500
1/25/21,293.6000061,300.1333313,279.6066589,285,123520200
1/26/21,294.3633423,298.6333313,290.5333252,297.1266785,69394800
1/27/21,288.0533447,297.1666565,286.2200012,290.1166687,82002000
1/28/21,278.4766541,282.6666565,267,273.3333435,79134000
1/29/21,264.5100098,280.8033447,260.0333252,276.6666565,104972400
2/1/21,279.936676,280.6666565,265.186676,271.4299927,76174200
2/2/21,290.9299927,293.5,280.7333374,281.5599976,73038600
2/3/21,284.8966675,292.6933289,284.3533325,292.3399963,55030500
2/4/21,283.3299866,285.5,277.8066711,285,47438100
2/5/21,284.0766602,288.2566528,279.6566772,281.6666565,55699800
2/8/21,287.8066711,292.5899963,284.9166565,289.8900146,60485100
2/9/21,283.1533203,286.6000061,280.5833435,285.0400085,45473100
2/10/21,268.2733459,281.6066589,266.6733398,281.2133179,108648300
2/11/21,270.5533447,276.6266785,267.2433472,270.813324,64868400
2/12/21,272.0400085,272.4433289,261.7766724,267.0866699,71304900
2/16/21,265.4066772,273.6666565,264.1466675,272.6666565,59406900
2/17/21,266.0499878,266.6133423,254.0033264,259.6966553,77989500
2/18/21,262.4599915,264.8966675,258.7566528,260.2999878,53871300
2/19/21,260.4333191,265.5966797,259.1233215,265,56874900
2/22/21,238.1666718,256.1666565,236.7333374,254.2133331,111809100
2/23/21,232.9466705,237.8699951,206.3333282,220.7100067,199820700
2/24/21,247.3399963,248.3333282,231.3899994,237.2833405,110301000
2/25/21,227.406662,245.7366638,223.5266724,242.0500031,117071700
2/26/21,225.1666718,235.5666656,219.8366699,233.3333282,123267600
3/1/21,239.4766693,239.6666718,228.3500061,230.0366669,81408600
3/2/21,228.8133392,240.3699951,228.3333282,239.4266663,71196600
3/3/21,217.7333374,233.5666656,217.2366638,229.3300018,90624000
3/4/21,207.1466675,222.8166656,200,218.6000061,197758500
3/5/21,199.3166656,209.2799988,179.8300018,208.6866608,268189500
3/8/21,187.6666718,206.7100067,186.2633362,200.1833344,155361000
3/9/21,224.5266724,226.0299988,198.4033356,202.7266693,202569900
3/10/21,222.6866608,239.2833405,218.3533325,233.4333344,181817100
3/11/21,233.1999969,234.1666718,225.7266693,233.1333313,108761700
3/12/21,231.2433319,231.6266632,222.0466614,223.3333282,100751400
3/15/21,235.9799957,237.7266693,228.0133362,231.363327,88006800
3/16/21,225.6266632,235.9733276,223.6666718,234.4499969,96587100
3/17/21,233.9366608,234.5766602,217.0033264,218.956665,121117500
3/18/21,217.7200012,229.7433319,217.3333282,228.0966644,99674400
3/19/21,218.2899933,219.0766602,208.206665,215.5333405,128682000
3/22/21,223.3333282,233.206665,222.9166718,228.1966705,118536600
3/23/21,220.7200012,225.9333344,219.1699982,225.2566681,91475700
3/24/21,210.0899963,222.6733398,210.0366669,222.636673,101385600
3/25/21,213.4633331,215.1666718,203.1666718,204.3333282,117674700
3/26/21,206.2366638,214.6066742,199.9633331,213.956665,101558400
3/29/21,203.7633362,205.4933319,198.6733398,205.2133331,85911000
3/30/21,211.8733368,212.5533295,197.0033264,200.5833282,118297200
3/31/21,222.6433258,224,213.7033386,215.5399933,100011900
4/1/21,220.5833282,230.8066711,219.8066711,229.456665,105895200
4/5/21,230.3500061,236.0533295,228.2333374,235.9033356,125528400
4/6/21,230.5399933,232.1833344,227.1233368,230.1000061,84815400
4/7/21,223.656662,230.4600067,222.613327,229,78928200
4/8/21,227.9333344,229.8500061,223.8833313,225.793335,71772900
4/9/21,225.6733398,226.9900055,223.1433258,225.9233398,64311300
4/12/21,233.9933319,234.9333344,227.363327,228.5666656,87407100
4/13/21,254.1066742,254.3333282,236.886673,237.5666656,133958400
4/14/21,244.0766602,260.2633362,242.6766663,256.8999939,147052200
4/15/21,246.2833405,247.8966675,240.4366608,247.6999969,83546700
4/16/21,246.593338,249.8033295,241.5333405,242.8833313,83938500
4/19/21,238.2100067,241.8000031,230.6000061,239.8666687,119058600
4/20/21,239.6633301,245.75,236.8966675,239.1399994,106827000
4/21/21,248.0399933,248.2799988,232.6666718,234.9233398,93646500
4/22/21,239.8966675,251.2566681,239.3466644,247.1666718,106770900
4/23/21,243.1333313,245.7866669,238.4866638,239.9333344,85110000
4/26/21,246.0666656,249.7666626,244.2033386,247,93115500
4/27/21,234.9133301,241.3333282,234.4499969,239.3200073,88311000
4/28/21,231.4666595,236.1666718,231.1999969,232.136673,66813000
4/29/21,225.6666718,234.0833282,222.8333282,233.1699982,86536200
4/30/21,236.4799957,238.4900055,222.0466614,222.5299988,122276100
5/3/21,228.3000031,235.3333282,226.8333282,234.6000061,81129300
5/4/21,224.5333405,227.8166656,219.2333374,226.3133392,89217900
5/5/21,223.6466675,228.4333344,222.4466705,227.0200043,65705700
5/6/21,221.1799927,227.0066681,216.6666718,226.9199982,83353800
5/7/21,224.1233368,230,220.0733337,221.9333344,70407600
5/10/21,209.6799927,221.6833344,209.2033386,221.6333313,94177200
5/11/21,205.7333374,209.0333405,198.5333405,199.7466736,139511700
5/12/21,196.6300049,206.8033295,195.5899963,200.8300018,101470800
5/13/21,190.5633392,202.1533356,186.5500031,200.5133362,132554700
5/14/21,196.5800018,197.6233368,190.1533356,194.4700012,100112700
5/17/21,192.2766724,196.5766602,187.0666656,191.8500061,97171200
5/18/21,192.6233368,198.75,187.793335,189.3333282,110491800
5/19/21,187.8200073,188.7366638,182.3266602,184.1833344,118735200
5/20/21,195.593338,196.2833405,190.3566742,191.6666718,92463300
5/21/21,193.6266632,198.8933258,193.3333282,198.7033386,78091800
5/24/21,202.1466675,204.8266602,191.2166595,193.8666687,103674300
5/25/21,201.5633392,204.6633301,198.5700073,202.4366608,84017700
5/26/21,206.3766632,208.7233276,200.5,202.5200043,85917900
5/27/21,210.2833405,210.3766632,205.4033356,206.7466736,79111800
5/28/21,208.406662,211.863327,207.4600067,209.5,68211000
6/1/21,207.9666595,211.2666626,206.8500061,209.2666626,54254700
6/2/21,201.706665,207.7866669,199.7133331,206.7100067,69908400
6/3/21,190.9466705,201.5166626,190.406662,200.6000061,90335700
6/4/21,199.6833344,200.2033386,192.3999939,193.2366638,72110700
6/7/21,201.7100067,203.3333282,194.293335,197.2766724,67631100
6/8/21,201.1966705,207.6966705,198.5,207.6699982,78160200
6/9/21,199.593338,203.9299927,199.2100067,200.7233276,49753800
6/10/21,203.3733368,205.5299988,200.1666718,201.293335,71758800
6/11/21,203.2966614,204.1866608,200.5066681,203.4100037,48615900
6/14/21,205.8966675,208.4966736,203.0599976,204.0766602,61272000
6/15/21,199.7866669,205.5966644,199.4100037,205.5633392,53292300
6/16/21,201.6233368,202.8333282,197.8333282,199.1799927,66432300
6/17/21,205.5333405,207.156662,200.4466705,200.6300049,68104200
6/18/21,207.7700043,209.4499969,203.9333344,204.456665,73682700
6/21/21,206.9433289,210.4633331,202.9600067,208.1600037,74438100
6/22/21,207.9033356,209.5233307,205.1666718,206.0833282,57476700
6/23/21,218.8566742,219.0666656,210.0133362,210.6666718,93297600
6/24/21,226.6066742,232.5399933,222.5366669,224.9966736,137947200
6/25/21,223.956665,231.2700043,222.8999939,229.8600006,97490100
6/28/21,229.5733337,231.5666656,223.4400024,223.8800049,64884600
6/29/21,226.9199982,229.1699982,225.2966614,228.2166595,52143900
6/30/21,226.5666656,230.9366608,226.0466614,226.5899963,56774700
7/1/21,225.9733276,229.3300018,224.2666626,227.9733276,55903500
7/2/21,226.3000031,233.3333282,224.4199982,226.3266602,81163500
7/6/21,219.8600006,228,217.1333313,227.2366638,69853500
7/7/21,214.8833313,221.8999939,212.7733307,221.4233398,56376000
7/8/21,217.6033325,218.1433258,206.8200073,209.456665,68319900
7/9/21,218.9833374,219.636673,214.8966675,217.7266693,54421500
7/12/21,228.5666656,229.0800018,220.7200012,220.7333374,77781000
7/13/21,222.8466644,231.093338,222.1000061,228.7733307,62898300
7/14/21,217.793335,226.2033386,217.613327,223.5833282,64923600
7/15/21,216.8666687,222.0466614,212.6266632,219.4633331,60628800
7/16/21,214.7400055,218.8999939,214.0666656,218.2266693,49113000
7/19/21,215.406662,215.7333374,207.0966644,209.9633331,63891300
7/20/21,220.1666718,220.7966614,213.5,217.3300018,46461300
7/21/21,218.4299927,221.6199951,216.7633362,219.8699951,41859900
7/22/21,216.4199982,220.7233276,214.8666687,218.8133392,45317100
7/23/21,214.4600067,216.2666626,212.4333344,215.4533386,43814700
7/26/21,219.206665,222.7333374,215.7033386,216.9900055,76009800
7/27/21,214.9266663,222.1666718,209.0800018,221.1333313,98439900
7/28/21,215.6600037,218.3233337,213.1333313,215.6666718,48019800
7/29/21,225.7833405,227.8966675,216.2666626,216.5966644,91183800
7/30/21,229.0666656,232.5099945,223,223.9199982,88969200
8/2/21,236.5566711,242.3133392,232.8000031,233.3333282,100847400
8/3/21,236.5800018,240.8833313,233.6699982,239.6666718,64860900
8/4/21,236.9733276,241.6333313,236.3099976,237,51007800
8/5/21,238.2100067,240.3166656,237.136673,238.6666718,38758800
8/6/21,233.0333405,238.7766724,232.543335,237.3000031,46869000
8/9/21,237.9199982,239.6766663,235.043335,236.7233276,44145900
8/10/21,236.6633301,238.863327,233.9600067,237.9966736,40296900
8/11/21,235.9400024,238.3933258,234.7366638,237.5700073,29401800
8/12/21,240.75,240.9333344,233.1333313,235.4466705,52377300
8/13/21,239.0566711,243.3000031,238.113327,241.2366638,50194500
8/16/21,228.7233276,236.5,225.4666595,235.0233307,68032200
8/17/21,221.9033356,224.8600006,216.2799988,224.2200012,71163900
8/18/21,229.6633301,231.9233398,223.1166687,223.25,61048200
8/19/21,224.4900055,228.8500061,222.5299988,226.0700073,42940500
8/20/21,226.7533264,230.7100067,224.5666656,227.6166687,44525700
8/23/21,235.4333344,237.3766632,226.9166718,228.4799957,60794700
8/24/21,236.1633301,238.406662,234.2133331,236.8933258,39249300
8/25/21,237.0666656,238.9900055,234.6666718,235.6766663,37936800
8/26/21,233.7200012,238.4666595,232.5399933,236.1033325,39642900
8/27/21,237.3066711,238.3333282,234.0333405,235,41501400
8/30/21,243.636673,243.6666718,237.5766602,238.2400055,55812600
8/31/21,245.2400055,246.7966614,242.1466675,244.3333282,62566200
9/1/21,244.6966705,247.3300018,243.7566681,244.6933289,39612900
9/2/21,244.1300049,246.9900055,243.5133362,244.8333282,38331900
9/3/21,244.5233307,244.6666718,241.3999939,244.0833282,45738300
9/7/21,250.9733276,253.3999939,246.4199982,246.6666718,60119400
9/8/21,251.2899933,254.8166656,246.9233398,253.8600006,56379000
9/9/21,251.6199951,254.0333405,250.543335,251.136673,42233100
9/10/21,245.4233398,254.2033386,244.8399963,253.1999969,45552600
9/13/21,247.6666718,248.2599945,236.2833405,246.7366638,68857500
9/14/21,248.1633301,251.4900055,245.4666595,247.5233307,55574700
9/15/21,251.9433289,252.2866669,246.1199951,248.3333282,46073100
9/16/21,252.3300018,252.9700012,249.2033386,250.9433289,41770200
9/17/21,253.1633301,253.6799927,250,252.3833313,84612600
9/20/21,243.3899994,247.3333282,239.5399933,244.8533325,74273100
9/21/21,246.4600067,248.2466736,243.4799957,244.9299927,48992100
9/22/21,250.6466675,251.2233276,246.3733368,247.843338,45378900
9/23/21,251.2133331,252.7333374,249.3066711,251.6666718,35842500
9/24/21,258.1300049,258.2666626,248.1866608,248.6300049,64119000
9/27/21,263.7866821,266.3333435,256.436676,257.706665,84212100
9/28/21,259.186676,265.2133179,255.3933258,262.3999939,76144200
9/29/21,260.436676,264.5,256.8933411,259.9333191,62828700
9/30/21,258.4933472,263.043335,258.3333435,260.3333435,53868000
10/1/21,258.4066772,260.2600098,254.5299988,259.4666748,51094200
10/4/21,260.5100098,268.9899902,258.706665,265.5,91449900
10/5/21,260.1966553,265.769989,258.0666809,261.6000061,55297800
10/6/21,260.9166565,262.2200012,257.7399902,258.7333374,43898400
10/7/21,264.5366821,268.3333435,261.1266785,261.8200073,57587400
10/8/21,261.8299866,265.4599915,260.3033447,265.4033203,50215800
10/11/21,263.980011,267.0799866,261.8333435,262.5499878,42600900
10/12/21,268.5733337,270.7733459,265.5233459,266.9766541,66060000
10/13/21,270.3599854,271.8033447,268.5933228,270.1566772,42360300
10/14/21,272.7733459,273.4166565,271.1166687,271.8299866,36741600
10/15/21,281.0100098,281.0700073,274.1166687,274.5799866,56773800
10/18/21,290.0366821,291.7533264,283.8233337,283.9299927,72621600
10/19/21,288.0899963,292.6499939,287.5033264,292.5100098,52143300
10/20/21,288.6000061,289.8299866,285.793335,288.4500122,42096300
10/21/21,298,300,285.1666565,285.3333435,94444500
10/22/21,303.2266541,303.3333435,296.9866638,298.5,68642400
10/25/21,341.6199951,348.3399963,314.7333374,316.8433228,188556300
10/26/21,339.4766541,364.980011,333.813324,341.563324,187245000
10/27/21,345.9533386,356.9599915,343.5933228,346.5533447,115579500
10/28/21,359.0133362,360.3333435,351.3999939,356.1033325,81639600
10/29/21,371.3333435,371.7366638,357.7366638,360.6199951,89755200
11/1/21,402.8633423,403.25,372.8866577,381.6666565,168146100
11/2/21,390.6666565,402.8633423,382,386.4533386,128213400
11/3/21,404.6199951,405.1300049,384.206665,392.4433289,103885500
11/4/21,409.9700012,414.4966736,405.6666565,411.4700012,76192200
11/5/21,407.3633423,413.2900085,402.6666565,409.3333435,64886400
11/8/21,387.6466675,399,377.6666565,383.2633362,100337100
11/9/21,341.1666565,391.5,337.1733398,391.2000122,177317400
11/10/21,355.9833374,359.3666687,329.1033325,336.8033447,128408100
11/11/21,354.5033264,368.3233337,351.5599976,367.5899963,67189800
11/12/21,344.4733276,351.5,339.7333374,349.1666565,76719300
11/15/21,337.7966614,343.9933472,326.2000122,339.2099915,104326800
11/16/21,351.5766602,352.3999939,334.0599976,334.436676,79627200
11/17/21,363.0033264,373.2133179,351.8333435,354.5033264,94336200
11/18/21,365.4599915,370.6666565,358.3399963,368.8500061,62696700
11/19/21,379.019989,379.5733337,364.2333374,366.2900085,64926900
11/22/21,385.6233215,400.6499939,377.4766541,387.4433289,99217500
11/23/21,369.6766663,393.5,354.2333374,389.1700134,108515100
11/24/21,372,377.5899963,354,360.1300049,67680600
11/26/21,360.6400146,369.5933228,360.3333435,366.4899902,35042700
11/29/21,378.9966736,380.8900146,366.730011,366.9966736,58393500
11/30/21,381.5866699,389.3333435,372.6666565,381.456665,81276000
12/1/21,365,390.9466553,363.5866699,386.8999939,68450400
12/2/21,361.5333252,371,352.2166748,366.3533325,73114800
12/3/21,338.3233337,363.5266724,333.4033203,361.5966797,92322000
12/6/21,336.3366699,340.5466614,316.8333435,333.8366699,81663000
12/7/21,350.5833435,352.5566711,342.269989,348.0666809,56084700
12/8/21,356.3200073,357.4599915,344.3333435,350.9033203,41906400
12/9/21,334.6000061,354.1633301,334.1199951,353.5466614,59438400
12/10/21,339.0100098,340.3266602,327.5100098,336.25,59664300
12/13/21,322.1366577,335,317.1400146,333.6966553,78595500
12/14/21,319.5033264,322.1366577,310,315,70806300
12/15/21,325.3299866,326.25,309.4166565,317.7366638,75169200
12/16/21,308.9733276,331.6600037,307.2833252,331.5,82771500
12/17/21,310.8566589,320.2200012,303.0133362,304.9233398,100437300
12/20/21,299.980011,307.230011,297.7966614,303.5666809,56480100
12/21/21,312.8433228,313.1666565,295.3733215,305.6233215,71517900
12/22/21,336.2900085,338.5533447,319.0166626,321.8866577,93634200
12/23/21,355.6666565,357.6600037,332.519989,335.6000061,92713200
12/27/21,364.6466675,372.3333435,356.9066772,357.8900146,71145900
12/28/21,362.8233337,373,359.4733276,369.8299866,60324000
12/29/21,362.063324,368,354.7133179,366.2133179,56154000
12/30/21,356.7799988,365.1833191,351.0499878,353.7766724,47040900
12/31/21,352.2600098,360.6666565,351.5299988,357.813324,40733700
1/3/22,399.9266663,400.3566589,378.6799927,382.5833435,103931400
1/4/22,383.1966553,402.6666565,374.3500061,396.5166626,100248300
1/5/22,362.706665,390.1133423,360.3366699,382.2166748,80119800
1/6/22,354.8999939,362.6666565,340.1666565,359,90336600
1/7/22,342.3200073,360.3099976,336.6666565,360.1233215,84164700
1/10/22,352.706665,353.0333252,326.6666565,333.3333435,91815000
1/11/22,354.7999878,358.6166687,346.2733459,351.2233276,66063300
1/12/22,368.7399902,371.6133423,357.5299988,359.6166687,83739000
1/13/22,343.8533325,371.8666687,342.1799927,369.6900024,97209900
1/14/22,349.8699951,350.6666565,337.793335,339.9599915,72924300
1/18/22,343.5033264,356.9299927,338.686676,342.2033386,66743400
1/19/22,331.8833313,351.5566711,331.6666565,347.2366638,75442500
1/20/22,332.0899963,347.2200012,331.3333435,336.5766602,70488600
1/21/22,314.6333313,334.8500061,313.5,332.1133423,103416000
1/24/22,310,311.1700134,283.8233337,301.5866699,151565700
1/25/22,306.1333313,317.0866699,301.0700073,304.7333374,86595900
1/26/22,312.4700012,329.230011,302,317.4766541,104867400
1/27/22,276.3666687,311.7966614,276.3333435,311.1199951,147109500
1/28/22,282.1166687,285.8333435,264.0033264,277.186676,134789100
1/31/22,312.2399902,312.6633301,287.3500061,290.9033203,104436000
2/1/22,310.4166565,314.5666809,301.6666565,311.7366638,73138200
2/2/22,301.8866577,310.5,296.4700012,309.3933411,66792900
2/3/22,297.0466614,312.3333435,293.5066528,294,78855600
2/4/22,307.7733459,312.1666565,293.7233276,299.0733337,73625400
2/7/22,302.4466553,315.9233398,300.9033203,307.9299927,60994500
2/8/22,307.3333435,308.7633362,298.2666626,301.8433228,50729100
2/9/22,310.6666565,315.4233398,306.6666565,311.6666565,52259400
2/10/22,301.5166626,314.6033325,298.8999939,302.7900085,66126900
2/11/22,286.6666565,305.3200073,283.5666809,303.2099915,79645800
2/14/22,291.9200134,299.6266785,284.3833313,287.1900024,67756500
2/15/22,307.4766541,307.6666565,297.793335,300,57286200
2/16/22,307.7966614,308.8099976,300.4033203,304.6833191,51294300
2/17/22,292.1166687,306.1666565,291.3666687,304.4200134,55178400
2/18/22,285.6600037,295.6233215,279.2033386,295.3333435,68501700
2/22/22,273.8433228,285.5766602,267.0333252,278.043335,83288100
2/23/22,254.6799927,278.4333191,253.5200043,276.8099976,95256900
2/24/22,266.9233398,267.4933472,233.3333282,233.4633331,135322200
2/25/22,269.956665,273.1666565,260.7999878,269.7433472,76067700
2/28/22,290.1433411,292.2866821,271.5700073,271.6700134,99006900
3/1/22,288.1233215,296.6266785,284.5933228,289.8933411,74766900
3/2/22,293.2966614,295.4933472,281.4233398,290.7099915,74643300
3/3/22,279.7633362,295.480011,277.5333252,292.9233398,61623600
3/4/22,279.4299927,285.2166748,275.0533447,283.0333252,66999600
3/7/22,268.1933289,288.7133179,268.1900024,285.4333191,72494100
3/8/22,274.7999878,283.3299866,260.7233276,265.1766663,80399100
3/9/22,286.3233337,286.8533325,277.3366699,279.8266602,59184000
3/10/22,279.4333191,284.8166809,270.1199951,283.8166809,58648500
3/11/22,265.1166687,281.2666626,264.5899963,280.0666809,67037100
3/14/22,255.456665,266.8999939,252.0133362,260.2033386,71152200
3/15/22,267.2966614,268.5233459,252.1900024,258.4233398,66841200
3/16/22,280.0766602,280.6666565,267.4200134,269.6666565,84028800
3/17/22,290.5333252,291.6666565,275.2399902,276.9966736,66582900
3/18/22,301.7966614,302.6166687,289.1300049,291.4966736,100414200
3/21/22,307.0533447,314.2833252,302.3633423,304.9933472,81981600
3/22/22,331.3266602,332.6199951,307.25,310,105868500
3/23/22,333.0366821,346.8999939,325.4666748,326.6466675,120676200
3/24/22,337.9733276,341.4966736,329.6000061,336.5766602,68920800
3/25/22,336.8800049,340.6000061,332.4400024,336,62031600
3/28/22,363.9466553,365.9599915,351.2000122,355.0333252,102506100
3/29/22,366.5233459,371.5899963,357.7033386,369.3299866,73614900
3/30/22,364.6633301,371.3166809,361.3333435,363.7233276,59865000
3/31/22,359.2000122,367.7133179,358.8800049,364.8566589,48992700
4/1/22,361.5299988,364.9166565,355.5466614,360.3833313,54263100
4/4/22,381.8166809,383.3033447,357.5100098,363.1266785,82035900
4/5/22,363.7533264,384.2900085,362.4333191,378.7666626,80075100
4/6/22,348.5866699,359.6666565,342.5666809,357.8233337,89348400
4/7/22,352.4200134,358.8633423,340.5133362,350.7966614,79447200
4/8/22,341.8299866,349.480011,340.813324,347.7366638,55013700
4/11/22,325.3099976,336.1566772,324.8800049,326.7999878,59357100
4/12/22,328.9833374,340.3966675,325.5333252,332.5466614,65976000
4/13/22,340.7900085,342.0799866,324.3666687,327.0266724,55121100
4/14/22,328.3333435,337.5700073,327.3966675,333.0966797,58422300
4/18/22,334.7633362,338.3066711,324.4700012,329.6766663,51715200
4/19/22,342.7166748,344.980011,331.7766724,335.019989,49847700
4/20/22,325.7333374,344.6666565,325.0833435,343.3333435,70711200
4/21/22,336.2600098,364.0733337,332.1400146,358.2433472,105416400
4/22/22,335.0166626,344.9500122,331.3333435,338.3033447,69696600
4/25/22,332.6733398,336.206665,325.1000061,326.3233337,68341200
4/26/22,292.1400146,333.3333435,291.6666565,331.8099976,136133700
4/27/22,293.8366699,306,292.4533386,299.5266724,76956300
4/28/22,292.5033264,300,273.8999939,299.9933472,124948500
4/29/22,290.2533264,311.4666748,290,300.75,88133100
5/2/22,300.980011,302.1199951,282.6766663,286.9233398,75781500
5/3/22,303.0833435,308.0266724,296.1966553,301.0599976,63709500
5/4/22,317.5400085,318.5,295.0933228,301.313324,81643800
5/5/22,291.0933228,315.2000122,285.8999939,313.0066528,92519100
5/6/22,288.5499878,296,281.0366821,295.6666565,72903000
5/9/22,262.3699951,281.8766785,260.3833313,278.8166809,90810300
5/10/22,266.6799927,275.1199951,258.0833435,273.1033325,84401700
5/11/22,244.6666718,269.9233398,242.3999939,265,97224600
5/12/22,242.6666718,253.2200012,226.6666718,233.6666718,140313000
5/13/22,256.5299988,262.4500122,250.5233307,257.8266602,92150700
5/16/22,241.456665,256.5866699,239.6966705,255.7200012,86098500
5/17/22,253.8699951,254.8266602,242.9499969,249.1199951,80236200
5/18/22,236.6033325,253.5,233.6033325,248.1733398,87811800
5/19/22,236.4733276,244.6666718,231.3699951,235.6666718,90296700
5/20/22,221.3000031,240.5266724,211,237.9966736,144973200
5/23/22,224.9666595,226.6533356,212.6866608,218.3399963,88903500
5/24/22,209.386673,217.9733276,206.8566742,217.843338,89092500
5/25/22,219.6000061,223.1066742,207.6699982,207.9499969,92139300
5/26/22,235.9100037,239.5566711,217.886673,220.4733276,106003200
5/27/22,253.2100067,253.2666626,240.1766663,241.0833282,89295000
5/31/22,252.7533264,259.6000061,244.7433319,257.9466553,101914500
6/1/22,246.7899933,257.3266602,243.6399994,251.7200012,77247900
6/2/22,258.3333435,264.2099915,242.0666656,244.156662,93473100
6/3/22,234.5166626,247.7966614,233.4166718,243.2266693,112393800
6/6/22,238.2799988,244.8666687,234.3500061,244.3533325,84204600
6/7/22,238.886673,239.9966736,230.093338,234,72808500
6/8/22,241.8666687,249.9633331,239.1766663,240.0866699,76210500
6/9/22,239.706665,255.5466614,239.3266602,249.3399963,96491400
6/10/22,232.2299957,239.5,227.9133301,235.156662,97536600
6/13/22,215.7366638,226.6333313,214.6833344,223.1666718,102767400
6/14/22,220.8899994,226.3300018,211.7366638,218.2866669,97988700
6/15/22,233,235.6633301,218.1499939,220.9166718,119131800
6/16/22,213.1000061,225.1666718,208.6933289,222.7366638,107390700
6/17/22,216.7599945,220.9700012,213.1966705,213.4333344,92641800
6/21/22,237.0366669,243.5766602,224.3333282,224.6033325,122793000
6/22/22,236.0866699,246.8333282,233.8266602,234.5033264,101107500
6/23/22,235.0700073,239.3166656,228.636673,237.906662,104202600
6/24/22,245.706665,246.0666656,236.0866699,237.4700012,95770800
6/27/22,244.9199982,252.0700073,242.5666656,249.3666687,89178300
6/28/22,232.6633301,249.9700012,232.343338,244.4833374,90391200
6/29/22,228.4900055,231.1733398,222.2733307,230.5,82897200
6/30/22,224.4733276,229.456665,218.863327,224.5099945,94600500
7/1/22,227.2633362,230.2299957,222.1199951,227,74460300
7/5/22,233.0666656,233.1466675,216.1666718,223,84581100
7/6/22,231.7333374,234.5633392,227.1866608,230.7799988,71853600
7/7/22,244.543335,245.363327,232.2100067,233.9199982,81930600
7/8/22,250.7633362,254.9799957,241.1600037,242.3333282,101854200
7/11/22,234.343338,253.0633392,233.6266632,252.1033325,99241200
7/12/22,233.0700073,239.7733307,228.3699951,236.8466644,87930900
7/13/22,237.0399933,242.0599976,225.0333405,225.5,97954500
7/14/22,238.3133392,238.6533356,229.3333282,234.8966675,78557400
7/15/22,240.0666656,243.6233368,236.8899994,240,69683100
7/18/22,240.5466614,250.5166626,239.6033325,244.9366608,82537500
7/19/22,245.5299988,247.1399994,236.9766693,245,80890200
7/20/22,247.5,250.6633301,243.4833374,246.7833405,88864200
7/21/22,271.706665,273.2666626,254.8666687,255.1066742,142032300
7/22/22,272.2433472,280.7866821,270.7133179,276.2200012,103472700
7/25/22,268.4333191,274.1466675,267.3999939,272.2166748,64073400
7/26/22,258.8599854,267.3099976,256.2633362,266.5133362,66820800
7/27/22,274.8200073,275.9266663,261.7900085,263.8099976,88110000
7/28/22,280.8999939,283.2999878,272.7999878,280.0666809,84723000
7/29/22,297.1499939,298.3200073,279.1000061,280.7000122,95313000
8/1/22,297.2766724,311.8766785,295,301.2766724,117042900
8/2/22,300.5866699,307.8333435,292.6666565,294.0033264,95577600
8/3/22,307.3966675,309.5499878,301.1499939,305,80091000
8/4/22,308.6333313,313.6066589,305,311,72256200
8/5/22,288.1700134,304.6066589,285.543335,302.6700134,113172900
8/8/22,290.4233398,305.2000122,289.0866699,295,98994000
8/9/22,283.3333435,292.3966675,279.3533325,290.293335,86244600
8/10/22,294.3566589,297.5100098,283.3699951,297.0666809,94918800
8/11/22,286.6300049,298.2366638,285.8333435,296.5133362,70155000
8/12/22,300.0299988,300.1600037,285.0333252,289.4166565,79657200
8/15/22,309.3200073,313.1333313,301.230011,301.7866821,89359200
8/16/22,306.563324,314.6666565,302.8833313,311.6666565,88136400
8/17/22,303.9966736,309.6566772,300.0333252,303.3966675,68766000
8/18/22,302.8699951,306.5,301.8533325,306,47500500
8/19/22,296.6666565,300.3599854,292.5,299,61395300
8/22/22,289.9133301,292.3999939,286.2966614,291.9133301,55843200
8/23/22,296.4533386,298.8266602,287.9233398,291.4533386,63984900
8/24/22,297.0966797,303.6466675,296.5,297.563324,57259800
8/25/22,296.0700073,302.9599915,291.6000061,302.3599854,53230000
8/26/22,288.0899963,302,287.4700012,297.4299927,57163900
8/29/22,284.8200073,287.7399902,280.7000122,282.8299866,41864700
8/30/22,277.7000122,288.480011,272.6499939,287.8699951,50541800
8/31/22,275.6099854,281.25,271.8099976,280.6199951,52107300
9/1/22,277.1600037,277.5799866,266.1499939,272.5799866,54287000
9/2/22,270.2099915,282.3500061,269.0799866,281.0700073,50890100
9/6/22,274.4200134,275.9899902,265.7399902,272.6799927,55860000
9/7/22,283.7000122,283.8399963,272.269989,273.1000061,50028900
9/8/22,289.2600098,289.5,279.7600098,281.2999878,53713100
9/9/22,299.6799927,299.8500061,291.25,291.6700134,54338100
9/12/22,304.4200134,305.4899902,300.3999939,300.7200012,48674600
9/13/22,292.1300049,297.3999939,290.3999939,292.8999939,68229600
9/14/22,302.6099854,306,291.6400146,292.2399902,72628700
9/15/22,303.75,309.1199951,300.7200012,301.8299866,64795500
9/16/22,303.3500061,303.7099915,295.6000061,299.6099854,87087800
9/19/22,309.0700073,309.8399963,297.7999878,300.0899963,60231200
9/20/22,308.730011,313.3299866,305.5799866,306.9100037,61642800
9/21/22,300.7999878,313.7999878,300.6300049,308.2900085,62555700
9/22/22,288.5899963,301.2900085,285.8200073,299.8599854,70545400
9/23/22,275.3299866,284.5,272.8200073,283.0899963,63748400
9/26/22,276.0100098,284.0899963,270.3099976,271.8299866,58076900
9/27/22,282.9400024,288.6700134,277.5100098,283.8399963,61925200
9/28/22,287.8099976,289,277.5700073,283.0799866,54664800
9/29/22,268.2099915,283.6499939,265.7799988,282.7600098,77620600
9/30/22,265.25,275.5700073,262.4700012,266.1499939,67726600
10/3/22,242.3999939,255.1600037,241.0099945,254.5,98363500
10/4/22,249.4400024,257.5,242.0099945,250.5200043,109578500
10/5/22,240.8099976,246.6699982,233.2700043,245.0099945,86982700
10/6/22,238.1300049,244.5800018,235.3500061,239.4400024,69298400
10/7/22,223.0700073,234.5700073,222.0200043,233.9400024,83916800
10/10/22,222.9600067,226.9900055,218.3600006,223.9299927,67925000
10/11/22,216.5,225.75,215,220.9499969,77013200
10/12/22,217.2400055,219.3000031,211.5099945,215.3300018,66860700
10/13/22,221.7200012,222.9900055,206.2200012,208.3000031,91483000
10/14/22,204.9900055,226.2599945,204.1600037,224.0099945,94124500
10/17/22,219.3500061,221.8600006,209.4499969,210.0399933,79428800
10/18/22,220.1900024,229.8200073,217.25,229.5,75891900
10/19/22,222.0399933,222.9299927,217.7799988,219.8000031,66571500
10/20/22,207.2799988,215.5500031,202,208.2799988,117798100
10/21/22,214.4400024,214.6600037,203.8000031,206.4199982,75713800
10/24/22,211.25,213.5,198.5899963,205.8200073,100446800
10/25/22,222.4199982,224.3500061,210,210.1000061,96507900
10/26/22,224.6399994,230.6000061,218.1999969,219.3999939,85012500
10/27/22,225.0899963,233.8099976,222.8500061,229.7700043,61638800
10/28/22,228.5200043,228.8600006,216.3500061,225.3999939,69152400
10/31/22,227.5399933,229.8500061,221.9400024,226.1900024,61554300
11/1/22,227.8200073,237.3999939,227.2799988,234.0500031,62688800
11/2/22,214.9799957,227.8699951,214.8200073,226.0399933,63070300
11/3/22,215.3099976,221.1999969,210.1399994,211.3600006,56538800
11/4/22,207.4700012,223.8000031,203.0800018,222.6000061,98622200
11/7/22,197.0800018,208.8999939,196.6600037,208.6499939,93916500
11/8/22,191.3000031,195.1999969,186.75,194.0200043,128803400
11/9/22,177.5899963,195.8899994,177.1199951,190.7799988,127062700
11/10/22,190.7200012,191,180.0299988,189.8999939,132703000
11/11/22,195.9700012,196.5200043,182.5899963,186,114403600
11/14/22,190.9499969,195.7299957,186.3399963,192.7700043,92226600
11/15/22,194.4199982,200.8200073,192.0599976,195.8800049,91293800
11/16/22,186.9199982,192.5700073,185.6600037,191.5099945,66567600
11/17/22,183.1699982,186.1600037,180.8999939,183.9600067,64336000
11/18/22,180.1900024,185.1900024,176.5500031,185.0500031,76048900
11/21/22,167.8699951,176.7700043,167.5399933,175.8500061,92882700
11/22/22,169.9100037,170.9199982,166.1900024,168.6300049,78452300
11/23/22,183.1999969,183.6199951,172.5,173.5700073,109536700
11/25/22,182.8600006,185.1999969,180.6300049,185.0599976,50672700
11/28/22,182.9199982,188.5,179,179.9600067,92905200
11/29/22,180.8300018,186.3800049,178.75,184.9900055,83357100
11/30/22,194.6999969,194.7599945,180.6300049,182.4299927,109186400
12/1/22,194.6999969,198.9199982,191.8000031,197.0800018,80046200
12/2/22,194.8600006,196.25,191.1100006,191.7799988,73645900
12/5/22,182.4499969,191.2700043,180.5500031,189.4400024,93122700
12/6/22,179.8200073,183.6499939,175.3300018,181.2200012,92150800
12/7/22,174.0399933,179.3800049,172.2200012,175.0299988,84213300
12/8/22,173.4400024,175.1999969,169.0599976,172.1999969,97624500
12/9/22,179.0500031,182.5,173.3600006,173.8399963,104872300
12/12/22,167.8200073,177.3699951,167.5200043,176.1000061,109794500
12/13/22,160.9499969,175.0500031,156.9100037,174.8699951,175862700
12/14/22,156.8000031,161.6199951,155.3099976,159.25,140682300
12/15/22,157.6699982,160.9299927,153.2799988,153.4400024,122334500
12/16/22,150.2299957,160.9900055,150.0399933,159.6399994,139032200
12/19/22,149.8699951,155.25,145.8200073,154,139390600
12/20/22,137.8000031,148.4700012,137.6600037,146.0500031,159563300
12/21/22,137.5700073,141.2599945,135.8899994,139.3399963,145417400
12/22/22,125.3499985,136.6300049,122.2600021,136,210090300
12/23/22,123.1500015,128.6199951,121.0199966,126.3700027,166989700
12/27/22,109.0999985,119.6699982,108.7600021,117.5,208643400
12/28/22,112.7099991,116.2699966,108.2399979,110.3499985,221070500
12/29/22,121.8199997,123.5699997,117.5,120.3899994,221923300
12/30/22,123.1800003,124.4800034,119.75,119.9499969,157777300
1/3/23,108.0999985,118.8000031,104.6399994,118.4700012,231402800
1/4/23,113.6399994,114.5899963,107.5199966,109.1100006,180389000
1/5/23,110.3399963,111.75,107.1600037,110.5100021,157986300
1/6/23,113.0599976,114.3899994,101.8099976,103,220911100
1/9/23,119.7699966,123.5199966,117.1100006,118.9599991,190284000
1/10/23,118.8499985,122.7600021,114.9199982,121.0699997,167642500
1/11/23,123.2200012,125.9499969,120.5100021,122.0899963,183810800
1/12/23,123.5599976,124.1299973,117,122.5599976,169400900
1/13/23,122.4000015,122.6299973,115.5999985,116.5500031,180714100
1/17/23,131.4900055,131.6999969,125.0199966,125.6999969,186477000
1/18/23,128.7799988,136.6799927,127.0100021,136.5599976,195680300
1/19/23,127.1699982,129.9900055,124.3099976,127.2600021,170291900
1/20/23,133.4199982,133.5099945,127.3499985,128.6799927,138858100
1/23/23,143.75,145.3800049,134.2700043,135.8699951,203119200
1/24/23,143.8899994,146.5,141.1000061,143,158699100
1/25/23,144.4299927,146.4100037,138.0700073,141.9100037,192734300
1/26/23,160.2700043,161.4199982,154.7599945,159.9700012,234815100
1/27/23,177.8999939,180.6799927,161.1699982,162.4299927,306590600
1/30/23,166.6600037,179.7700043,166.5,178.0500031,230878800
1/31/23,173.2200012,174.3000031,162.7799988,164.5700073,196813500
2/1/23,181.4100037,183.8099976,169.9299927,173.8899994,213806300
2/2/23,188.2700043,196.75,182.6100006,187.3300018,217448300
2/3/23,189.9799957,199,183.6900024,183.9499969,232662000
2/6/23,194.7599945,198.1699982,189.9199982,193.0099945,186188100
2/7/23,196.8099976,197.5,189.5500031,196.4299927,186010300
2/8/23,201.2899933,203,194.3099976,196.1000061,180673600
2/9/23,207.3200073,214,204.7700043,207.7799988,215431400
2/10/23,196.8899994,206.1999969,192.8899994,202.2299957,204754100
2/13/23,194.6399994,196.3000031,187.6100006,194.4199982,172475500
2/14/23,209.25,209.8200073,189.4400024,191.9400024,216455700
2/15/23,214.2400055,214.6600037,206.1100006,211.7599945,181006400
2/16/23,202.0399933,217.6499939,201.8399963,210.7799988,229586500
2/17/23,208.3099976,208.4400024,197.5,199.9900055,213738500
2/21/23,197.3699951,209.7100067,197.2200012,204.9900055,180018600
2/22/23,200.8600006,201.9900055,191.7799988,197.9299927,191828500
2/23/23,202.0700073,205.1399994,196.3300018,203.9100037,146360000
2/24/23,196.8800049,197.6699982,192.8000031,196.3300018,142228100
2/27/23,207.6300049,209.4199982,201.2599945,202.0299988,161028300
2/28/23,205.7100067,211.2299957,203.75,210.5899963,153144900
3/1/23,202.7700043,207.1999969,198.5200043,206.2100067,156852800
3/2/23,190.8999939,193.75,186.0099945,186.7400055,181500700
3/3/23,197.7899933,200.4799957,192.8800049,194.8000031,154193300
3/6/23,193.8099976,198.6000061,192.3000031,198.5399933,128100100
3/7/23,187.7100067,194.1999969,186.1000061,191.3800049,148125800
3/8/23,182,186.5,180,185.0399933,151897800
3/9/23,172.9199982,185.1799927,172.5099945,180.25,170023800
3/10/23,173.4400024,178.2899933,168.4400024,175.1300049,191488900
3/13/23,174.4799957,177.3500061,163.9100037,167.4600067,167790300
3/14/23,183.2599945,183.8000031,177.1399994,177.3099976,143717900
3/15/23,180.4499969,182.3399963,176.0299988,180.8000031,145995600
3/16/23,184.1300049,185.8099976,178.8399963,180.3699951,121136800
3/17/23,180.1300049,186.2200012,177.3300018,184.5200043,133197100
3/20/23,183.25,186.4400024,176.3500061,178.0800018,129684400
3/21/23,197.5800018,198,188.0399933,188.2799988,153391400
3/22/23,191.1499939,200.6600037,190.9499969,199.3000031,150376400
3/23/23,192.2200012,199.3099976,188.6499939,195.2599945,144193900
3/24/23,190.4100037,192.3600006,187.1499939,191.6499939,116312400
3/27/23,191.8099976,197.3899994,189.9400024,194.4199982,120851600
3/28/23,189.1900024,192.3500061,185.4299927,192,98654600
3/29/23,193.8800049,195.2899933,189.4400024,193.1300049,123660000
3/30/23,195.2799988,197.3300018,194.4199982,195.5800018,110252200
3/31/23,207.4600067,207.7899933,197.1999969,197.5299988,170222100
4/3/23,194.7700043,202.6900024,192.1999969,199.9100037,169545900
4/4/23,192.5800018,198.7400055,190.3200073,197.3200073,126463800
4/5/23,185.5200043,190.6799927,183.7599945,190.5200043,133882500
4/6/23,185.0599976,186.3899994,179.7400055,183.0800018,123857900
4/10/23,184.5099945,185.1000061,176.1100006,179.9400024,142154600
4/11/23,186.7899933,189.1900024,185.6499939,186.6900024,115770900
4/12/23,180.5399933,191.5800018,180.3099976,190.7400055,150256300
4/13/23,185.8999939,186.5,180.9400024,182.9600067,112933000
4/14/23,185,186.2799988,182.0099945,183.9499969,96438700
4/17/23,187.0399933,189.6900024,182.6900024,186.3200073,116662200
4/18/23,184.3099976,187.6900024,183.5800018,187.1499939,92067000
4/19/23,180.5899963,183.5,177.6499939,179.1000061,125732700
4/20/23,162.9900055,169.6999969,160.5599976,166.1699982,210970800
4/21/23,165.0800018,166,161.3200073,164.8000031,123539000
4/24/23,162.5500031,165.6499939,158.6100006,164.6499939,140006600
4/25/23,160.6699982,163.4700012,158.75,159.8200073,121999300
4/26/23,153.75,160.6699982,153.1399994,160.2899933,153364100
4/27/23,160.1900024,160.4799957,152.3699951,152.6399994,127015200
4/28/23,164.3099976,165,157.3200073,160.8999939,122515800
5/1/23,161.8300018,163.2799988,158.8300018,163.1699982,109015000
5/2/23,160.3099976,165.4900055,158.9299927,161.8800049,128259700
5/3/23,160.6100006,165,159.9100037,160.0099945,119728000
5/4/23,161.1999969,162.9499969,159.6499939,162.7100067,95108500
5/5/23,170.0599976,170.7899933,163.5099945,163.9700012,107440900
5/8/23,171.7899933,173.8000031,169.1900024,173.7200012,112249400
5/9/23,169.1499939,169.8200073,166.5599976,168.9499969,88965000
5/10/23,168.5399933,174.4299927,166.6799927,172.5500031,119840700
5/11/23,172.0800018,173.5700073,166.7899933,168.6999969,103889900
5/12/23,167.9799957,177.3800049,167.2299957,176.0700073,157577100
5/15/23,166.3500061,169.7599945,164.5500031,167.6600037,105592500
5/16/23,166.5200043,169.5200043,164.3500061,165.6499939,98288800
5/17/23,173.8600006,174.5,167.1900024,168.4100037,125473600
5/18/23,176.8899994,177.0599976,172.4499969,174.2200012,109520300
5/19/23,180.1399994,181.9499969,176.3099976,177.1699982,136024200
5/22/23,188.8699951,189.3200073,180.1100006,180.6999969,132001400
5/23/23,185.7700043,192.9600067,185.2599945,186.1999969,156952100
5/24/23,182.8999939,184.2200012,178.2200012,182.2299957,137605100
5/25/23,184.4700012,186.7799988,180.5800018,186.5399933,96870700
5/26/23,193.1699982,198.6000061,184.5299988,184.6199951,162061500
5/30/23,201.1600037,204.4799957,197.5299988,200.1000061,128818700
5/31/23,203.9299927,203.9499969,195.1199951,199.7799988,150711700
6/1/23,207.5200043,209.8000031,199.3699951,202.5899963,148029900
6/2/23,213.9700012,217.25,209.75,210.1499939,164129000
6/5/23,217.6100006,221.2899933,214.5200043,217.8000031,151143100
6/6/23,221.3099976,221.9100037,212.5299988,216.1399994,146911600
6/7/23,224.5700073,230.8300018,223.1999969,228,185710800
6/8/23,234.8600006,235.2299957,223.0099945,224.2200012,164489700
6/9/23,244.3999939,252.4199982,242.0200043,249.0700073,199882300
6/12/23,249.8300018,250.9700012,244.5899963,247.9400024,150337900
6/13/23,258.7099915,259.6799927,251.3399963,253.5099945,162384300
6/14/23,256.7900085,261.5700073,250.5,260.1700134,170575500
6/15/23,255.8999939,258.9500122,247.2899933,248.3999939,160171200
6/16/23,260.5400085,263.6000061,257.2099915,258.9200134,167563700
6/20/23,274.4500122,274.75,261.1199951,261.5,165611200
6/21/23,259.4599915,276.9899902,257.7799988,275.1300049,211797100
6/22/23,264.6099854,265,248.25,250.7700043,166875900
6/23/23,256.6000061,262.4500122,252.8000031,259.2900085,176584100
6/26/23,241.0500031,258.3699951,240.6999969,250.0700073,179990600
6/27/23,250.2100067,250.3899994,240.8500061,243.2400055,164968200
6/28/23,256.2399902,259.8800049,248.8899994,249.6999969,159770800
6/29/23,257.5,260.7399902,253.6100006,258.0299988,131283400
6/30/23,261.769989,264.4500122,259.8900146,260.6000061,112267600
7/3/23,279.8200073,284.25,275.1099854,276.4899902,119685900
7/5/23,282.480011,283.8500061,277.6000061,278.8200073,131530900
7/6/23,276.5400085,279.9700012,272.8800049,278.0899963,120332100
7/7/23,274.4299927,280.7799988,273.769989,278.4299927,113602000
7/10/23,269.6099854,277.519989,265.1000061,276.4700012,119425400
7/11/23,269.7900085,270.8999939,266.3699951,268.6499939,91972400
7/12/23,271.9899902,276.519989,271.4599915,276.3299866,95672100
7/13/23,277.8999939,279.4500122,270.6000061,274.5899963,112681500
7/14/23,281.3800049,285.2999878,276.3099976,277.0100098,119771100
7/17/23,290.3800049,292.230011,283.5700073,286.6300049,131569600
7/18/23,293.3399963,295.2600098,286.0100098,290.1499939,112434700
7/19/23,291.2600098,299.2900085,289.519989,296.0400085,142355400
7/20/23,262.8999939,280.9299927,261.2000122,279.5599976,175158300
7/21/23,260.019989,268,255.8000031,268,161050100
7/24/23,269.0599976,269.8500061,254.1199951,255.8500061,136508500
7/25/23,265.2799988,272.8999939,265,272.3800049,112757300
7/26/23,264.3500061,268.0400085,261.75,263.25,95856200
7/27/23,255.7100067,269.1300049,255.3000031,268.3099976,103697300
7/28/23,266.4400024,267.25,258.230011,259.8599854,111446000
7/31/23,267.4299927,269.0799866,263.7799988,267.480011,84582200
8/1/23,261.0700073,266.4700012,260.25,266.2600098,83166000
8/2/23,254.1100006,259.519989,250.4900055,255.5700073,101752900
8/3/23,259.3200073,260.4899902,252,252.0399933,97569100
8/4/23,253.8600006,264.769989,253.1100006,260.9700012,99242600
8/7/23,251.4499969,253.6499939,242.7599945,251.4499969,111097900
8/8/23,249.6999969,250.9199982,245.0099945,247.4499969,96642200
8/9/23,242.1900024,251.1000061,241.8999939,250.8699951,101596300
8/10/23,245.3399963,251.8000031,243,245.3999939,109498600
8/11/23,242.6499939,243.7899933,238.0200043,241.7700043,98866600
8/14/23,239.7599945,240.6600037,233.75,235.6999969,98595300
8/15/23,232.9600067,240.5,232.6100006,238.7299957,88197600
8/16/23,225.6000061,233.9700012,225.3800049,228.0200043,112484500
8/17/23,219.2200012,226.7400055,218.8300018,226.0599976,120718400
8/18/23,215.4900055,217.5800018,212.3600006,214.1199951,135813700
8/21/23,231.2799988,232.1300049,220.5800018,221.5500031,135702700
8/22/23,233.1900024,240.8200073,229.5500031,240.25,130597900
8/23/23,236.8600006,238.9799957,229.2899933,229.3399963,101077600
8/24/23,230.0399933,238.9199982,228.1799927,238.6600037,99777400
8/25/23,238.5899963,239,230.3500061,231.3099976,106612200
8/28/23,238.8200073,244.3800049,235.3500061,242.5800018,107673700
8/29/23,257.1799927,257.480011,237.7700043,238.5800018,134047600
8/30/23,256.8999939,260.5100098,250.5899963,254.1999969,121988400
8/31/23,258.0799866,261.1799927,255.0500031,255.9799957,108861700
9/1/23,245.0099945,259.0799866,242.0099945,257.2600098,132272500
9/5/23,256.4899902,258,244.8600006,245,129469600
9/6/23,251.9199982,255.3899994,245.0599976,255.1399994,116959800
9/7/23,251.4900055,252.8099976,243.2700043,245.0700073,115312900
9/8/23,248.5,256.519989,246.6699982,251.2200012,118367700
9/11/23,273.5799866,274.8500061,260.6099854,264.269989,174667900
9/12/23,267.480011,278.3900146,266.6000061,270.7600098,135999900
9/13/23,271.2999878,274.980011,268.1000061,270.0700073,111673700
9/14/23,276.0400085,276.7099915,270.4200134,271.3200073,107709800
9/15/23,274.3900146,278.980011,271,277.5499878,133422800
9/18/23,265.2799988,271.4400024,263.7600098,271.1600037,101543300
9/19/23,266.5,267.8500061,261.2000122,264.3500061,103704000
9/20/23,262.5899963,273.9299927,262.4599915,267.0400085,122514600
9/21/23,255.6999969,260.8599854,254.2100067,257.8500061,119531000
9/22/23,244.8800049,257.7900085,244.4799957,257.3999939,127524100
9/25/23,246.9900055,247.1000061,238.3099976,243.3800049,104636600
9/26/23,244.1199951,249.5500031,241.6600037,242.9799957,101993600
9/27/23,240.5,245.3300018,234.5800018,244.2599945,136597200
9/28/23,246.3800049,247.5500031,238.6499939,240.0200043,117058900
9/29/23,250.2200012,254.7700043,246.3500061,250,128346200
10/2/23,251.6000061,254.2799988,242.6199951,244.8099976,123810400
10/3/23,246.5299988,250.0200043,244.4499969,248.6100006,101985300
10/4/23,261.1600037,261.8599854,247.6000061,248.1399994,129721600
10/5/23,260.0499878,263.6000061,256.25,260,119159200
10/6/23,260.5299988,261.6499939,250.6499939,253.9799957,117947000
10/9/23,259.6700134,261.3599854,252.0500031,255.3099976,101377900
10/10/23,263.6199951,268.9400024,257.6499939,257.75,122656000
10/11/23,262.9899902,268.6000061,260.8999939,266.2000122,103706300
10/12/23,258.8699951,265.4100037,256.6300049,262.9200134,111508100
10/13/23,251.1199951,259.6000061,250.2200012,258.8999939,102073800
10/16/23,253.9199982,255.3999939,248.4799957,250.0500031,88917200
10/17/23,254.8500061,257.1799927,247.0800018,250.1000061,93562900
10/18/23,242.6799927,254.6300049,242.0800018,252.6999969,125147800
10/19/23,220.1100006,230.6100006,216.7799988,225.9499969,170772700
10/20/23,211.9900055,218.8600006,210.4199982,217.0099945,137734000
10/23/23,212.0800018,216.9799957,202.5099945,210,150683400
10/24/23,216.5200043,222.0500031,214.1100006,216.5,118231100
10/25/23,212.4199982,220.1000061,212.1999969,215.8800049,107065100
10/26/23,205.7599945,214.8000031,204.8800049,211.3200073,115112600
10/27/23,207.3000031,212.4100037,205.7700043,210.6000061,94881200
10/30/23,197.3600006,210.8800049,194.6699982,209.2799988,136448200
10/31/23,200.8399963,202.8000031,194.0700073,196.1199951,118068300
11/1/23,205.6600037,205.9900055,197.8500061,204.0399933,121661700
11/2/23,218.5099945,219.1999969,211.4499969,212.9700012,125987600
11/3/23,219.9600067,226.3699951,218.3999939,221.1499939,119281000
11/6/23,219.2700043,226.3200073,215,223.9799957,117335800
11/7/23,222.1799927,223.1199951,215.7200012,219.9799957,116900100
11/8/23,222.1100006,224.1499939,217.6399994,223.1499939,106584800
11/9/23,209.9799957,220.8000031,206.6799927,219.75,142110500
11/10/23,214.6499939,215.3800049,205.6900024,210.0299988,130994000
11/13/23,223.7100067,225.3999939,211.6100006,215.6000061,140447600
11/14/23,237.4100037,238.1399994,230.7200012,235.0299988,149771600
11/15/23,242.8399963,246.6999969,236.4499969,239.2899933,150354000
11/16/23,233.5899963,240.8800049,230.9600067,239.4900055,136816800
11/17/23,234.3000031,237.3899994,226.5399933,232,142532800
11/20/23,235.6000061,237.1000061,231.0200043,234.0399933,116320100
11/21/23,241.1999969,243.6199951,233.3399963,235.0399933,122288000
11/22/23,234.2100067,244.0099945,231.3999939,242.0399933,117950600
11/24/23,235.4499969,238.75,232.3300018,233.75,65125200
11/27/23,236.0800018,238.3300018,232.1000061,236.8899994,112031800
11/28/23,246.7200012,247,234.0099945,236.6799927,148549900
11/29/23,244.1399994,252.75,242.7599945,249.2100067,135401300
11/30/23,240.0800018,245.2200012,236.9100037,245.1399994,132353200
12/1/23,238.8300018,240.1900024,231.8999939,233.1399994,121173500
12/4/23,235.5800018,239.3699951,233.2899933,235.75,104099800
12/5/23,238.7200012,246.6600037,233.6999969,233.8699951,137971100
12/6/23,239.3699951,246.5700073,239.1699982,242.9199982,126436200
12/7/23,242.6399994,244.0800018,236.9799957,241.5500031,107142300
12/8/23,243.8399963,245.2700043,239.2700043,240.2700043,102980100
12/11/23,239.7400055,243.4400024,237.4499969,242.7400055,97913900
12/12/23,237.0099945,238.9900055,233.8699951,238.5500031,95328300
12/13/23,239.2899933,240.3000031,228.1999969,234.1900024,146286300
12/14/23,251.0500031,253.8800049,240.7899933,241.2200012,160829200
12/15/23,253.5,254.1300049,248.3000031,251.2100067,135720800
12/18/23,252.0800018,258.7399902,251.3600006,253.7799988,116416500
12/19/23,257.2200012,258.3399963,253.0099945,253.4799957,106737400
12/20/23,247.1399994,259.8399963,247,256.4100037,125097000
12/21/23,254.5,254.8000031,248.5500031,251.8999939,109594200
12/22/23,252.5399933,258.2200012,251.3699951,256.7600098,93249800
12/26/23,256.6099854,257.9700012,252.9100037,254.4900055,86892400
12/27/23,261.4400024,263.3399963,257.519989,258.3500061,106494400
12/28/23,253.1799927,265.1300049,252.7100067,263.6600037,113619900
12/29/23,248.4799957,255.1900024,247.4299927,255.1000061,100615300
1/2/24,248.4199982,251.25,244.4100037,250.0800018,104654200
1/3/24,238.4499969,245.6799927,236.3200073,244.9799957,121082600
1/4/24,237.9299927,242.6999969,237.7299957,239.25,102629300
1/5/24,237.4900055,240.1199951,234.8999939,236.8600006,92379400
1/8/24,240.4499969,241.25,235.3000031,236.1399994,85166600
1/9/24,234.9600067,238.9600067,232.0399933,238.1100006,96705700
1/10/24,233.9400024,235.5,231.2899933,235.1000061,91628500
1/11/24,227.2200012,230.9299927,225.3699951,230.5700073,105873600
1/12/24,218.8899994,225.3399963,217.1499939,220.0800018,122889000
1/16/24,219.9100037,223.4900055,212.1799927,215.1000061,115355000
1/17/24,215.5500031,215.6699982,212.0099945,214.8600006,103164400
1/18/24,211.8800049,217.4499969,208.7400055,216.8800049,108595400
1/19/24,212.1900024,213.1900024,207.5599976,209.9900055,102095800
1/22/24,208.8000031,217.8000031,206.2700043,212.2599945,117952500
1/23/24,209.1399994,215.6499939,207.75,211.3000031,106605900
1/24/24,207.8300018,212.7299957,206.7700043,211.8800049,123369900
1/25/24,182.6300049,193,180.0599976,189.6999969,198076800
1/26/24,183.25,186.7799988,182.1000061,185.5,107343200
1/29/24,190.9299927,191.4799957,183.6699982,185.6300049,125013100
1/30/24,191.5899963,196.3600006,190.6100006,195.3300018,109982300
1/31/24,187.2899933,193.9700012,185.8500061,187,103221400
2/1/24,188.8600006,189.8800049,184.2799988,188.5,91843300
2/2/24,187.9100037,188.6900024,182,185.0399933,110505100
2/5/24,181.0599976,184.6799927,175.0099945,184.2599945,134294400
2/6/24,185.1000061,186.4900055,177.1100006,177.2100067,122676000
2/7/24,187.5800018,189.7899933,182.6799927,188.1799927,111535200
2/8/24,189.5599976,191.6199951,185.5800018,189,83034000
2/9/24,193.5700073,194.1199951,189.4799957,190.1799927,84476300
2/12/24,188.1300049,194.7299957,187.2799988,192.1100006,95498600
2/13/24,184.0200043,187.2599945,182.1100006,183.9900055,86759500
2/14/24,188.7100067,188.8899994,183.3500061,185.3000031,81203000
2/15/24,200.4499969,200.8800049,188.8600006,189.1600037,120831800
2/16/24,199.9499969,203.1699982,197.3999939,202.0599976,111173600
2/20/24,193.7599945,198.6000061,189.1300049,196.1300049,104545800
2/21/24,194.7700043,199.4400024,191.9499969,193.3600006,103844000
2/22/24,197.4100037,198.3200073,191.3600006,194,92739500
2/23/24,191.9700012,197.5700073,191.5,195.3099976,78841900
2/26/24,199.3999939,201.7799988,192,192.2899933,111747100
2/27/24,199.7299957,205.6000061,198.2599945,204.0399933,108645400
2/28/24,202.0399933,205.3000031,198.4400024,200.4199982,99806200
2/29/24,201.8800049,205.2799988,198.4499969,204.1799927,85907000
3/1/24,202.6399994,204.5200043,198.5,200.5200043,82099200
3/4/24,188.1399994,199.75,186.7200012,198.7299957,134334900
3/5/24,180.7400055,184.5899963,177.5700073,183.0500031,119660800
3/6/24,176.5399933,181.5800018,173.6999969,179.9900055,107920900
3/7/24,178.6499939,180.0399933,173.6999969,174.3500061,102129000
3/8/24,175.3399963,182.7299957,174.6999969,181.5,85315300
3/11/24,177.7700043,182.8699951,174.8000031,175.4499969,85391500
3/12/24,177.5399933,179.4299927,172.4100037,177.7700043,87391700
3/13/24,169.4799957,176.0500031,169.1499939,173.0500031,106524500
3/14/24,162.5,171.1699982,160.5099945,167.7700043,126325700
3/15/24,163.5700073,165.1799927,160.7599945,163.1600037,96971900
3/18/24,173.8000031,174.7200012,165.8999939,170.0200043,108214400
3/19/24,171.3200073,172.8200073,167.4199982,172.3600006,77271400
3/20/24,175.6600037,176.25,170.8200073,173,83846700
3/21/24,172.8200073,178.1799927,171.8000031,176.3899994,73178000
3/22/24,170.8300018,171.1999969,166.3000031,166.6900024,75454700
3/25/24,172.6300049,175.2400055,168.7299957,168.7599945,74228600
3/26/24,177.6699982,184.25,177.3800049,178.5800018,113186200
3/27/24,179.8300018,181.9100037,176,181.4100037,81804000
3/28/24,175.7899933,179.5700073,175.3000031,177.4499969,77654800
4/1/24,175.2200012,176.75,170.2100067,176.1699982,81562100
4/2/24,166.6300049,167.6900024,163.4299927,164.75,116650600
4/3/24,168.3800049,168.8200073,163.2799988,164.0200043,82950100
4/4/24,171.1100006,177.1900024,168.0099945,170.0700073,123162000
4/5/24,164.8999939,170.8600006,160.5099945,169.0800018,141250700
4/8/24,172.9799957,174.5,167.7899933,169.3399963,104423300
4/9/24,176.8800049,179.2200012,171.9199982,172.9100037,103232700
4/10/24,171.7599945,174.9299927,170.0099945,173.0399933,84532400
4/11/24,174.6000061,175.8800049,168.5099945,172.5500031,94516000
4/12/24,171.0500031,173.8099976,170.3600006,172.3399963,64506600
4/15/24,161.4799957,170.6900024,161.3800049,170.2400055,100245300
4/16/24,157.1100006,158.1900024,153.75,156.7400055,97000000
4/17/24,155.4499969,158.3300018,153.7799988,157.6399994,82439700
4/18/24,149.9299927,152.1999969,148.6999969,151.25,96098800
4/19/24,147.0500031,150.9400024,146.2200012,148.9700012,86005100
4/22/24,142.0500031,144.4400024,138.8000031,140.5599976,107097600
4/23/24,144.6799927,147.2599945,141.1100006,143.3300018,124545100
4/24/24,162.1300049,167.9700012,157.5099945,162.8399963,181178000
4/25/24,170.1799927,170.8800049,158.3600006,158.9600067,126427500
4/26/24,168.2899933,172.1199951,166.3699951,168.8500061,109815700
4/29/24,194.0500031,198.8699951,184.5399933,188.4199982,243869700
4/30/24,183.2799988,190.9499969,182.8399963,186.9799957,127031800
5/1/24,179.9900055,185.8600006,179.0099945,182,92829700
5/2/24,180.0099945,184.6000061,176.0200043,182.8600006,89148000
5/3/24,181.1900024,184.7799988,178.4199982,182.1000061,75491500
5/6/24,184.7599945,187.5599976,182.1999969,183.8000031,84390300
5/7/24,177.8099976,183.2599945,177.3999939,182.3999939,75045900
5/8/24,174.7200012,176.0599976,170.1499939,171.5899963,79969500
5/9/24,171.9700012,175.6199951,171.3699951,175.0099945,65950300
5/10/24,168.4700012,173.0599976,167.75,173.0500031,72627200
5/13/24,171.8899994,175.3999939,169,170,67018900
5/14/24,177.5500031,179.4900055,174.0700073,174.5,86407400
5/15/24,173.9900055,180,173.1100006,179.8999939,79663000
5/16/24,174.8399963,175.7899933,171.4299927,174.1000061,59812200
5/17/24,177.4600067,179.6300049,172.75,173.5500031,77445800
5/20/24,174.9499969,177.75,173.5200043,177.5599976,61727400
5/21/24,186.6000061,186.8800049,174.7100067,175.5099945,115266500
5/22/24,180.1100006,183.8000031,178.1199951,182.8500061,88313500
5/23/24,173.7400055,181.8999939,173.2599945,181.8000031,71975500
5/24/24,179.2400055,180.0800018,173.7299957,174.8399963,65479700
5/28/24,176.75,178.25,173.1600037,176.3999939,59736600
5/29/24,176.1900024,178.1499939,173.9299927,174.1900024,54782600
5/30/24,178.7899933,182.6699982,175.3800049,178.5800018,77784800
5/31/24,178.0800018,180.3200073,173.8200073,178.5,67314600
6/3/24,176.2899933,182.6399994,174.4900055,178.1300049,68568900
6/4/24,174.7700043,177.7599945,174,174.7799988,60056300
6/5/24,175,176.1499939,172.1300049,175.3500061,57953800
6/6/24,177.9400024,179.7299957,172.7299957,174.6000061,69887000
6/7/24,177.4799957,179.3500061,175.5800018,176.1300049,56244900
6/10/24,173.7899933,178.5700073,173.1699982,176.0599976,50869700
6/11/24,170.6600037,174.75,167.4100037,173.9199982,64761900
6/12/24,177.2899933,180.5500031,169.8000031,171.1199951,90389400
6/13/24,182.4700012,191.0800018,181.2299957,188.3899994,118984100
6/14/24,178.0099945,186,176.9199982,185.8000031,82038200
6/17/24,187.4400024,188.8099976,177,177.9199982,109786100
6/18/24,184.8600006,187.1999969,182.3699951,186.5599976,68982300
6/20/24,181.5700073,185.2100067,179.6600037,184.6799927,55893100
6/21/24,183.0099945,183.9499969,180.6900024,182.3000031,63029500
6/24/24,182.5800018,188.8000031,182.5500031,184.9700012,61992100
6/25/24,187.3500061,187.9700012,182.0099945,184.3999939,63678300
6/26/24,196.3699951,197.7599945,186.3600006,186.5399933,95737100
6/27/24,197.4199982,198.7200012,194.0500031,195.1699982,72746500
6/28/24,197.8800049,203.1999969,195.2599945,199.5500031,95438100
7/1/24,209.8600006,213.2299957,200.8500061,201.0200043,135691400
7/2/24,231.2599945,231.3000031,218.0599976,218.8899994,205047900
7/3/24,246.3899994,248.3500061,234.25,234.5599976,166561500
7/5/24,251.5200043,252.3699951,242.4600067,249.8099976,154501200
7/8/24,252.9400024,259.4400024,244.5700073,247.7100067,157219600
7/9/24,262.3299866,265.6099854,250.3000031,251,160210900
7/10/24,263.2600098,267.5899963,257.8599854,262.7999878,128519400
7/11/24,241.0299988,271,239.6499939,263.2999878,221707300
7/12/24,248.2299957,251.8399963,233.0899963,235.8000031,155955800
7/15/24,252.6399994,265.6000061,251.7299957,255.9700012,146912900
7/16/24,256.5599976,258.6199951,245.8000031,255.3099976,126332500
7/17/24,248.5,258.4700012,246.1799927,252.7299957,115584800
7/18/24,249.2299957,257.1400146,247.1999969,251.0899963,110869000
7/19/24,239.1999969,249.4400024,236.8300018,247.7899933,87403900
7/22/24,251.5099945,253.2100067,243.75,244.2100067,101225400
7/23/24,246.3800049,255.7599945,245.6300049,253.6000061,111928200
7/24/24,215.9900055,225.9900055,214.7100067,225.4199982,167942900
7/25/24,220.25,226,216.2299957,216.8000031,100636500
7/26/24,219.8000031,222.2799988,215.3300018,221.1900024,94604100
7/29/24,232.1000061,234.2700043,224.6999969,224.8999939,129201800
7/30/24,222.6199951,232.4100037,220,232.25,100560300
7/31/24,232.0700073,234.6799927,226.7899933,227.8999939,67497000
8/1/24,216.8600006,231.8699951,214.3300018,227.6900024,83861900
8/2/24,207.6699982,216.1300049,205.7799988,214.8800049,82880100
8/5/24,198.8800049,203.8800049,182,185.2200012,100308800
8/6/24,200.6399994,202.8999939,192.6699982,200.75,73783900
8/7/24,191.7599945,203.4900055,191.4799957,200.7700043,71159800
8/8/24,198.8399963,200.6999969,192.0399933,195.6999969,65033900
8/9/24,200,200.8800049,195.1100006,197.0500031,58648300
8/12/24,197.4900055,199.2599945,194.6699982,199.0200043,64044900
8/13/24,207.8300018,208.4900055,197.0599976,198.4700012,76247400
8/14/24,201.3800049,208.4400024,198.75,207.3899994,70250000
8/15/24,214.1399994,215.8800049,204.8200073,205.0200043,89848500
8/16/24,216.1199951,219.8000031,210.8000031,211.1499939,88765100
8/19/24,222.7200012,222.9799957,214.0899963,217.0700073,76435200
8/20/24,221.1000061,228.2200012,219.5599976,224.8800049,74001200
8/21/24,223.2700043,224.6600037,218.8600006,222.6699982,70146000
8/22/24,210.6600037,224.8000031,210.3200073,223.8200073,79514500
8/23/24,220.3200073,221.4799957,214.2100067,214.4600067,81525200
8/26/24,213.2100067,219.0899963,211.0099945,218.75,59301200
8/27/24,209.2100067,215.6600037,206.9400024,213.25,62821400
8/28/24,205.75,211.8399963,202.5899963,209.7200012,64116400
8/29/24,206.2799988,214.8899994,205.9700012,209.8000031,62308800
8/30/24,214.1100006,214.5700073,207.0299988,208.6300049,63370600
9/3/24,210.6000061,219.8999939,209.6399994,215.2599945,76714200
9/4/24,219.4100037,222.2200012,210.5700073,210.5899963,80651800
9/5/24,230.1699982,235,222.25,223.4900055,119355000
9/6/24,210.7299957,233.6000061,210.5099945,232.6000061,112177000
9/9/24,216.2700043,219.8699951,213.6699982,216.1999969,67443500
9/10/24,226.1699982,226.3999939,218.6399994,220.0700073,78891100
9/11/24,228.1300049,228.4700012,216.8000031,224.5500031,83548600
9/12/24,229.8099976,231.4499969,223.8300018,224.6600037,72020000
9/13/24,230.2899933,232.6699982,226.3200073,228,59515100
9/16/24,226.7799988,229.9600067,223.5299988,229.3000031,54323000
9/17/24,227.8699951,234.5700073,226.5500031,229.4499969,66761600
9/18/24,227.1999969,235.6799927,226.8800049,230.0899963,78010200
9/19/24,243.9199982,244.2400055,232.1300049,234,102694600
9/20/24,238.25,243.9900055,235.9199982,241.5200043,99879100
9/23/24,250,250,241.9199982,242.6100006,86927200
9/24/24,254.2700043,257.1900024,249.0500031,254.0800018,88491000
9/25/24,257.019989,257.0499878,252.2799988,252.5399933,65034300
9/26/24,254.2200012,261.75,251.5299988,260.6000061,67142200
9/27/24,260.4599915,260.7000122,254.1199951,257.3800049,70988100
9/30/24,261.6300049,264.8599854,255.7700043,259.0400085,80705700
10/1/24,258.019989,263.980011,248.5299988,262.6700134,87397600
10/2/24,249.0200043,251.1600037,241.5,247.5500031,93983900
10/3/24,240.6600037,249.7899933,237.8099976,244.4799957,80729200
10/4/24,250.0800018,250.9600067,244.5800018,246.6900024,86573200
10/7/24,240.8300018,249.8300018,240.6999969,249,68113300
10/8/24,244.5,246.2100067,240.5599976,243.5599976,56303200
10/9/24,241.0500031,247.4299927,239.5099945,243.8200073,66289500
10/10/24,238.7700043,242.7899933,232.3399963,241.8099976,83087100
10/11/24,217.8000031,223.3399963,214.3800049,220.1300049,142628900
10/14/24,219.1600037,221.9100037,213.7400055,220.1300049,86291900
10/15/24,219.5700073,224.2599945,217.1199951,220.0099945,62988800
10/16/24,221.3300018,222.8200073,218.9299927,221.3999939,49632800
10/17/24,220.8899994,222.0800018,217.8999939,221.5899963,50791800
10/18/24,220.6999969,222.2799988,219.2299957,220.7100067,49611900
10/21/24,218.8500061,220.4799957,215.7299957,218.8999939,47329000
10/22/24,217.9700012,218.2200012,215.2599945,217.3099976,43268700
10/23/24,213.6499939,218.7200012,212.1100006,217.1300049,80938900
10/24/24,260.480011,262.1199951,242.6499939,244.6799927,204491900
10/25/24,269.1900024,269.4899902,255.3200073,256.0100098,161611900
10/28/24,262.5100098,273.5400085,262.2399902,270,107653600
10/29/24,259.519989,264.980011,255.5099945,264.5100098,80521800
10/30/24,257.5499878,263.3500061,255.8200073,258.0400085,53993600
10/31/24,249.8500061,259.75,249.25,257.9899902,66575300
11/1/24,248.9799957,254,246.6300049,252.0399933,57544800
11/4/24,242.8399963,248.8999939,238.8800049,244.5599976,68802400
11/5/24,251.4400024,255.2799988,246.2100067,247.3399963,69282500
11/6/24,288.5299988,289.5899963,275.6199951,284.6700134,165228700
11/7/24,296.9100037,299.75,285.519989,288.8900146,117309200
11/8/24,321.2200012,328.7099915,297.6600037,299.1400146,204782800
11/11/24,350,358.6400146,336,346.2999878,210521600
11/12/24,328.4899902,345.8399963,323.3099976,342.7399902,155726000
11/13/24,330.2399902,344.6000061,322.5,335.8500061,125405600
11/14/24,311.1799927,329.980011,310.3699951,327.6900024,120726100
11/15/24,320.7200012,324.6799927,309.2200012,310.5700073,114440300
11/18/24,338.7399902,348.5499878,330.0100098,340.730011,126547500
11/19/24,346,347.3800049,332.75,335.7600098,88852500
11/20/24,342.0299988,346.6000061,334.2999878,345,66340700
11/21/24,339.6400146,347.9899902,335.2799988,343.8099976,58011700
11/22/24,352.5599976,361.5299988,337.7000122,341.0899963,89140700
11/25/24,338.5899963,361.9299927,338.2000122,360.1400146,95890900
11/26/24,338.230011,346.9599915,335.6600037,341,62295900
11/27/24,332.8900146,342.5499878,326.5899963,341.7999878,57896400
11/29/24,345.1600037,345.4500122,334.6499939,336.0799866,37167600
12/2/24,357.0899963,360,351.1499939,352.3800049,77986500
12/3/24,351.4200134,355.6900024,348.2000122,351.7999878,58267200
12/4/24,357.9299927,358.1000061,348.6000061,353,50810900
12/5/24,369.4899902,375.4299927,359.5,359.8699951,81403600
12/6/24,389.2200012,389.4899902,370.7999878,377.4200134,81455800
12/9/24,389.7900085,404.7999878,378.0100098,397.6099854,96359200
12/10/24,400.9899902,409.730011,390.8500061,392.6799927,97563600
12/11/24,424.769989,424.8800049,402.3800049,409.7000122,104287600
12/12/24,418.1000061,429.2999878,415,424.8399963,87752200
12/13/24,436.230011,436.2999878,415.7099915,420,89000200
12/16/24,463.019989,463.1900024,436.1499939,441.0899963,114083800
12/17/24,479.8599854,483.9899902,457.5100098,475.8999939,131223000
12/18/24,440.1300049,488.5400085,427.0100098,466.5,149340800
12/19/24,436.1700134,456.3599854,420.019989,451.8800049,118566100
12/20/24,421.0599976,447.0799866,417.6400146,425.5100098,132216200
12/23/24,430.6000061,434.5100098,415.4100037,431,72698100
12/24/24,462.2799988,462.7799988,435.1400146,435.8999939,59551800
12/26/24,454.1300049,465.3299866,451.019989,465.1600037,76366400
12/27/24,431.6600037,450,426.5,449.519989,82666800
12/30/24,417.4100037,427,415.75,419.3999939,64941000
12/31/24,403.8399963,427.9299927,402.5400085,423.7900085,76825100
1/2/25,379.2799988,392.730011,373.0400085,390.1000061,109710700
1/3/25,410.4400024,411.8800049,379.4500122,381.480011,95423300
1/6/25,411.0499878,426.4299927,401.7000122,423.2000122,85516500
1/7/25,394.3599854,414.3299866,390,405.8299866,75699500
1/8/25,394.9400024,402.5,387.3999939,392.9500122,73038800
1/10/25,394.7399902,399.2799988,377.2900085,391.3999939,62287300
1/13/25,403.3099976,403.7900085,380.0700073,383.2099915,67580500
1/14/25,396.3599854,422.6400146,394.5400085,414.3399963,84565000
1/15/25,428.2200012,429.7999878,405.6600037,409.8999939,81375500
1/16/25,413.8200073,424,409.1300049,423.4899902,68335200
1/17/25,426.5,439.7399902,419.75,421.5,94991400
1/21/25,424.0700073,433.2000122,406.3099976,432.6400146,87320900
1/22/25,415.1099854,428,414.5899963,416.8099976,60963300
1/23/25,412.3800049,420.730011,408.9500122,416.0599976,50690600
1/24/25,406.5799866,418.8800049,405.7799988,414.4500122,56427100
1/27/25,397.1499939,406.6900024,389,394.7999878,58125500
1/28/25,398.0899963,400.5899963,386.5,396.9100037,48910700
1/29/25,389.1000061,398.5899963,384.480011,395.2099915,68033600
1/30/25,400.2799988,412.5,384.4100037,410.7799988,98092900
1/31/25,404.6000061,419.9899902,401.3399963,401.5299988,83568200
2/3/25,383.6799927,389.1700134,374.3599854,386.6799927,93732100
2/4/25,392.2099915,394,381.3999939,382.6300049,57072200
2/5/25,378.1700134,388.3900146,375.5299988,387.5100098,57223300
2/6/25,374.3200073,375.3999939,363.1799927,373.0299988,77918200
2/7/25,361.6199951,380.5499878,360.3399963,370.1900024,70298300
2/10/25,350.730011,362.7000122,350.5100098,356.2099915,77514900
2/11/25,328.5,349.3699951,325.1000061,345.7999878,118543400
2/12/25,336.5100098,346.3999939,329.1199951,329.9400024,105382700
2/13/25,355.9400024,358.6900024,342.8500061,345,89441500
2/14/25,355.8399963,362,347.5,360.6199951,68277300
2/18/25,354.1099854,359.1000061,350.019989,355.0100098,51631700
2/19/25,360.5599976,367.3399963,353.6700134,354,67094400
2/20/25,354.3999939,362.2999878,348,361.5100098,45965400
2/21/25,337.7999878,354.980011,334.4200134,353.4400024,74058600
2/24/25,330.5299988,342.3999939,324.7000122,338.1400146,76052300
2/25/25,302.7999878,328.8900146,297.25,327.019989,134228800
2/26/25,290.7999878,309,288.0400085,303.7099915,100118300
2/27/25,281.9500122,297.230011,280.8800049,291.1600037,101748200
2/28/25,292.980011,293.8800049,273.6000061,279.5,115697000
3/3/25,284.6499939,303.9400024,277.2999878,300.3399963,115551400
3/4/25,272.0400085,284.3500061,261.8399963,270.9299927,126706600
3/5/25,279.1000061,279.5499878,267.7099915,272.9200134,94042900
3/6/25,263.4500122,272.6499939,260.019989,272.0599976,98451600
3/7/25,262.6700134,266.25,250.7299957,259.3200073,102369600
3/10/25,222.1499939,253.3699951,220,252.5399933,189076900
3/11/25,230.5800018,237.0599976,217.0200043,225.3099976,174896400
3/12/25,248.0899963,251.8399963,241.1000061,247.2200012,142215700
3/13/25,240.6799927,248.2899933,232.6000061,248.1300049,114813500
3/14/25,249.9799957,251.5800018,240.7299957,247.3099976,100242300
3/17/25,238.0099945,245.3999939,232.8000031,245.0599976,111900600
3/18/25,225.3099976,230.1000061,222.2799988,228.1600037,111477600
3/19/25,235.8600006,241.4100037,229.1999969,231.6100006,111993800
3/20/25,236.2599945,238,230.0500031,233.3500061,99028300
3/21/25,248.7100067,249.5200043,234.5500031,234.9900055,132728700
3/24/25,278.3900146,278.6400146,256.3299866,258.0799866,169079900
3/25/25,288.1400146,288.2000122,271.2799988,283.6000061,150361500
3/26/25,272.0599976,284.8999939,266.5100098,282.6600037,153629800
3/27/25,273.1300049,291.8500061,271.8200073,272.480011,162572100
3/28/25,263.5499878,276.1000061,260.5700073,275.5799866,123809400
3/31/25,259.1600037,260.5599976,243.3600006,249.3099976,134008900
4/1/25,268.4599915,277.4500122,259.25,263.7999878,146486900
4/2/25,282.7600098,284.9899902,251.2700043,254.6000061,209746300